delta,-log10_p,p_value,cohen_d,win_rate_BPSO,tie_rate,n_pairs
0.003,14.541034999585174,2.8771665359133424e-15,0.48115167946833587,0.0,0.7033333333333334,300
