{
  "实验信息": {
    "实验名称": "模拟退火(SA) vs 记忆模拟退火(Memetic SA)对比实验",
    "实验时间": "2025-12-22 17:28:43",
    "随机种子": 42,
    "算法数量": 2,
    "实例类型数量": 10,
    "总测试实例数": 1000,
    "输出目录": "sa_memetic_comparison"
  },
  "算法配置": {
    "SA_Fast": "标准模拟退火算法（快速版）",
    "MemeticSA_Fast": "记忆模拟退火算法（快速版，模拟退火+局部搜索+种群进化）"
  },
  "整体性能摘要": {
    "gap_mean": {
      "MemeticSA_Fast": 0.2007,
      "SA_Fast": 0.2847
    },
    "gap_std": {
      "MemeticSA_Fast": 0.1855,
      "SA_Fast": 0.1684
    },
    "gap_min": {
      "MemeticSA_Fast": 0.0,
      "SA_Fast": 0.0
    },
    "gap_max": {
      "MemeticSA_Fast": 0.4476,
      "SA_Fast": 0.4486
    },
    "runtime_s_mean": {
      "MemeticSA_Fast": 0.0339,
      "SA_Fast": 0.0092
    },
    "runtime_s_std": {
      "MemeticSA_Fast": 0.1007,
      "SA_Fast": 0.0214
    },
    "runtime_s_min": {
      "MemeticSA_Fast": 0.0015,
      "SA_Fast": 0.0013
    },
    "runtime_s_max": {
      "MemeticSA_Fast": 0.8033,
      "SA_Fast": 0.1452
    },
    "value_mean": {
      "MemeticSA_Fast": 1850.53,
      "SA_Fast": 1599.394
    }
  },
  "关键发现": {
    "最佳平均Gap算法": "MemeticSA_Fast",
    "最佳平均Gap值": 0.2007,
    "最快算法": "SA_Fast",
    "最快算法平均时间": 0.0092,
    "最慢算法": "MemeticSA_Fast",
    "最慢算法平均时间": 0.0339
  },
  "实例类型分析": {
    "Uncorrelated": {
      "SA平均Gap": 0.32413079661893085,
      "MemeticSA平均Gap": 0.07177128764742742,
      "Gap改进": 0.25235950897150344,
      "Gap改进百分比": 77.85730686621352,
      "最优算法": "MemeticSA_Fast"
    },
    "WeaklyCorr": {
      "SA平均Gap": 0.3542091454138263,
      "MemeticSA平均Gap": 0.2871690793768494,
      "Gap改进": 0.06704006603697693,
      "Gap改进百分比": 18.9266897551878,
      "最优算法": "MemeticSA_Fast"
    },
    "StronglyCorr": {
      "SA平均Gap": 0.37273538156590674,
      "MemeticSA平均Gap": 0.39610505450941524,
      "Gap改进": -0.0233696729435085,
      "Gap改进百分比": -6.269775851524924,
      "最优算法": "SA_Fast"
    },
    "InverseCorr": {
      "SA平均Gap": 0.3925238322001271,
      "MemeticSA平均Gap": 0.2642462080388079,
      "Gap改进": 0.12827762416131921,
      "Gap改进百分比": 32.68021292931769,
      "最优算法": "MemeticSA_Fast"
    },
    "HeavyTailed": {
      "SA平均Gap": 0.4082555261909202,
      "MemeticSA平均Gap": 0.350523608208384,
      "Gap改进": 0.057731917982536185,
      "Gap改进百分比": 14.141123457943818,
      "最优算法": "MemeticSA_Fast"
    },
    "GreedyTrap": {
      "SA平均Gap": 0.3526456001723065,
      "MemeticSA平均Gap": 0.2969551795346124,
      "Gap改进": 0.05569042063769408,
      "Gap改进百分比": 15.792177928913087,
      "最优算法": "MemeticSA_Fast"
    },
    "GreedyTrap-ADV": {
      "SA平均Gap": 0.0005787829465525717,
      "MemeticSA平均Gap": 0.002818178161701923,
      "Gap改进": -0.0022393952151493514,
      "Gap改进百分比": -386.91451233799336,
      "最优算法": "SA_Fast"
    },
    "Uncorrelated-Large": {
      "SA平均Gap": 0.43863500794122545,
      "MemeticSA平均Gap": 0.2799446422715669,
      "Gap改进": 0.15869036566965855,
      "Gap改进百分比": 36.17822626937295,
      "最优算法": "MemeticSA_Fast"
    },
    "SA-Test-Medium": {
      "SA平均Gap": 0.017692252030998418,
      "MemeticSA平均Gap": 0.028424678719337907,
      "Gap改进": -0.01073242668833949,
      "Gap改进百分比": -60.6617329977852,
      "最优算法": "SA_Fast"
    },
    "SA-Test-Large": {
      "SA平均Gap": 0.18608487738321688,
      "MemeticSA平均Gap": 0.029265908387910024,
      "Gap改进": 0.15681896899530687,
      "Gap改进百分比": 84.2728174371522,
      "最优算法": "MemeticSA_Fast"
    }
  },
  "规模影响分析": {
    "gap_MemeticSA_Fast": {
      "微型(<100)": 0.0373,
      "小型(100-200)": 0.2706,
      "中型(200-500)": 0.2799,
      "大型(500-1000)": 0.0293
    },
    "gap_SA_Fast": {
      "微型(<100)": 0.1624,
      "小型(100-200)": 0.3163,
      "中型(200-500)": 0.4386,
      "大型(500-1000)": 0.1861
    },
    "runtime_s_MemeticSA_Fast": {
      "微型(<100)": 0.0035,
      "小型(100-200)": 0.0039,
      "中型(200-500)": 0.0083,
      "大型(500-1000)": 0.3
    },
    "runtime_s_SA_Fast": {
      "微型(<100)": 0.0026,
      "小型(100-200)": 0.0023,
      "中型(200-500)": 0.0063,
      "大型(500-1000)": 0.0668
    }
  }
}