delta,-log10_p,p_value,cohen_d,win_rate_ImprovedGA,tie_rate,n_pairs
0.003,12.825951621453918,1.4929607097480077e-13,-0.4471623012107626,0.23,0.7666666666666667,300
