algo,a_nlogn,b,R2
ImprovedGA,0.0009019831583736882,1.7809301694967834,0.9977473339672344
GA,0.0002375895804129484,0.2808549078617571,0.9984753126668185
