algo,a_nlogn,b,R2
Bounded_BeamSearch,0.0002356630925624377,-0.5358369470323299,0.9574317290726388
Classic_BeamSearch,3.262030179257405e-06,-0.0058617273945176795,0.9522181426092644
