algo,a_nlogn,b,R2
BPSO,1.0992987413325838e-05,0.05596342735405721,0.9709825675232815
BinaryCuckooSearch,0.0001619435215073364,-0.18868852653558038,0.98147992082639
