metric,mean_basic,mean_enhanced,improvement_pct,t_statistic,p_value,significant_05
运行时间,0.0038392081244637164,0.020435246459085905,-432.27764154985533,-6.381375722897885,3.8194655901123693e-10,True
探索节点数,611.76875,769.5,-25.782822349131113,-1.1576086625203714,0.24731244323665363,False
内存消耗,0.0021358489990234114,0.06992625395456949,3173.932473060705,-10.348606175809138,8.685252047218799e-23,True
收敛速度,0.04520966264917877,0.019313372799197915,-57.28043151069887,25.534055866412668,4.543786518420004e-105,True
