class,n_pairs,t_stat,p_ttest,w_stat,p_wilcoxon
GreedyTrap,100,-5.3829302289030725,4.932012985992783e-07,77.0,1.6655328680883388e-09
GreedyTrap-ADV,100,-2.5902053785098764,0.011038688467536346,73.5,0.009578146853440545
HeavyTailed,100,1.8629474385339275,0.06543438333659098,742.0,0.04627498301513958
InverseCorr,100,4.060206843093945,9.812355788565828e-05,329.0,0.0001304155216093122
StronglyCorr,100,0.0,1.0,0.0,1.0
Uncorrelated,100,3.1354470958429537,0.002259075070534954,513.0,0.0018928398975420957
Uncorrelated-Large,100,6.584938943796532,2.20225105994173e-09,38.0,3.055231576016644e-09
WeaklyCorr,100,-5.471445725723507,3.366537819327909e-07,250.0,3.5137228884772126e-07
