algo,a_nlogn,b,R2,n_samples
GA,0.00017713626543402282,0.07942470758458771,0.9972793924804817,10
ImprovedGA,0.0009136011465794866,0.41020439875615994,0.9978503764978124,10
