algo,a_nlogn,b,R2,n_samples
GA,0.0001823773622175821,0.07830285640812128,0.9803278676461692,40
ImprovedGA,0.0009208988996352929,0.5858859289262404,0.9466533849843392,40
