delta,-log10_p,p_value,cohen_d,win_rate_G+Max,tie_rate,n_pairs
0.003,84.0906805702755,8.115577505752814e-85,-1.6038919883871006,0.95,0.05,300
