class,n_pairs,t_stat,p_ttest,w_stat,p_wilcoxon
GreedyTrap,100,-161.30894337202892,1.1167442759650206e-121,0.0,3.8748558331796575e-18
GreedyTrap-ADV,100,-15.10365018480168,1.929190509180461e-27,0.0,3.809245463816936e-17
HeavyTailed,100,-51934.33903676816,0.0,0.0,3.590908245956221e-18
InverseCorr,100,-1664.1012500821464,6.157608312551983e-222,0.0,3.844358829914527e-18
StronglyCorr,100,-3268.34726826256,5.865153054854139e-251,0.0,5.233878373926178e-19
Uncorrelated,100,-139.56351173626265,1.7645815798894345e-115,0.0,3.896559845095909e-18
Uncorrelated-Large,100,-486.09246812674763,4.930392860999125e-169,0.0,3.895460925389839e-18
WeaklyCorr,100,-168.25551188260235,1.7446332633752283e-123,0.0,3.885803091856667e-18
