algo,a_nlogn,b,R2
Greedy+Max,2.3054751024125927e-08,9.770668048332207e-06,0.9947959998987421
GreedyDensity,2.0328297321983124e-08,8.438471192557885e-06,0.9928852484045289
